"Id","EVENT","DATE","TIME","LAT","LNG","LOCATION","BATTERY","SPEED","MILEAGE","FUEL","DIRECTION"
"384","4002","10/31/2017","10:03:26","45.550321","-73.618043","NA","96","0","83","0","North"
"389","4002","10/31/2017","10:04:23","45.552919","-73.619280","","93","11","83","0","North-East"
"390","4002","10/31/2017","10:05:22","45.552041","-73.616334","NA","93","0","84","0","North-East"
"391","4002","10/31/2017","10:06:21","45.549927","-73.611662","","94","31","84","0","South-East"
"392","4002","10/31/2017","10:12:00","45.549587","-73.610450","NA","94","0","84","0","South-East"
"394","4002","10/31/2017","10:12:55","45.548259","-73.607892","","94","3","84","0","South-East"
"395","4002","10/31/2017","10:15:55","45.541261","-73.612904","","94","0","84","0","South-East"
"398","4002","10/31/2017","10:16:56","45.539658","-73.613726","","94","19","85","0","South"
"399","4002","10/31/2017","10:17:56","45.538987","-73.616575","","94","7","85","0","North-West"
"400","4002","10/31/2017","10:18:56","45.540720","-73.622104","","94","1","85","0","South-East"
"401","4002","10/31/2017","11:04:52","45.540283","-73.621723","","93","0","85","0","South-East"
"404","4002","10/31/2017","11:06:02","45.540811","-73.622636","","93","8","85","0","South-East"
"405","4002","10/31/2017","11:06:50","45.541686","-73.622056","","93","14","85","0","North-East"
"406","4002","10/31/2017","11:07:51","45.544851","-73.620268","","94","1","86","0","North-East"
"407","4002","10/31/2017","11:08:55","45.546311","-73.618791","","93","10","86","0","South-East"
"408","4002","10/31/2017","11:09:49","45.549006","-73.615826","","93","16","86","0","South-East"
"409","4002","10/31/2017","11:10:49","45.551228","-73.614293","","94","8","86","0","East"
"410","4002","10/31/2017","11:11:49","45.555796","-73.609259","","94","20","87","0","South-East"
"411","4002","10/31/2017","11:13:04","45.554925","-73.605329","","93","2","87","0","South-East"
"412","4002","10/31/2017","11:13:48","45.552715","-73.603017","","93","1","87","0","South-East"
"413","4002","10/31/2017","11:15:20","45.553594","-73.605785","","94","14","87","0","South"
"414","4002","10/31/2017","11:23:35","45.553594","-73.605785","","93","14","87","0","South"
"415","4002","10/31/2017","15:21:12","45.555491","-73.609898","","93","0","87","0","South"
"421","4002","10/31/2017","15:22:12","45.558033","-73.612827","","92","3","88","0","North-East"
"422","4002","10/31/2017","15:23:12","45.559262","-73.610203","","92","5","88","0","North-East"
"423","4002","10/31/2017","15:27:11","45.560492","-73.608332","","92","0","88","0","North-East"
"427","4002","10/31/2017","15:28:11","45.560816","-73.607972","","92","3","88","0","North-East"
"428","4002","10/31/2017","15:29:53","45.561136","-73.607606","","92","0","88","0","North-East"
"430","4002","10/31/2017","15:30:52","45.563872","-73.604049","","92","20","88","0","South-East"
"431","4002","10/31/2017","15:33:08","45.567794","-73.601526","","92","0","88","0","South-East"
"433","4002","10/31/2017","15:33:17","45.567985","-73.601144","","92","7","88","0","East"
"434","4002","10/31/2017","15:34:15","45.568643","-73.600970","","92","1","88","0","North-East"
"435","4002","10/31/2017","15:35:14","45.568974","-73.600660","","92","2","89","0","North-East"
"436","4002","10/31/2017","15:36:14","45.569335","-73.600342","","92","8","89","0","North-East"
"437","4002","10/31/2017","15:37:15","45.570251","-73.599562","","92","14","89","0","North-East"
"438","4002","10/31/2017","15:38:15","45.571276","-73.598787","","92","12","89","0","North-West"
"439","4002","10/31/2017","15:39:16","45.577378","-73.593196","","92","13","89","0","North"
"440","4002","10/31/2017","15:40:15","45.580367","-73.590468","","92","2","89","0","North-East"
"441","4002","10/31/2017","15:41:16","45.581495","-73.589416","","92","19","90","0","North-East"
"442","4002","10/31/2017","15:42:15","45.583611","-73.587415","","91","0","90","0","North-East"
"443","4002","10/31/2017","15:43:15","45.588081","-73.583444","","92","17","90","0","North-East"
"444","4002","10/31/2017","15:45:14","45.591770","-73.580139","","92","0","90","0","North-East"
"446","4002","10/31/2017","15:46:15","45.593006","-73.578518","","92","2","91","0","East"
"447","4002","10/31/2017","15:47:15","45.593385","-73.577943","","92","8","91","0","East"
"448","4002","10/31/2017","15:48:15","45.594163","-73.576856","","92","1","91","0","East"
"449","4002","10/31/2017","15:49:15","45.594790","-73.575958","","91","4","91","0","North-East"
"450","4002","10/31/2017","15:50:14","45.599088","-73.571001","","91","41","91","0","South"
"451","4002","10/31/2017","15:51:14","45.605290","-73.563947","","91","23","92","0","North"
"452","4002","10/31/2017","15:52:14","45.607559","-73.563651","","91","13","92","0","North-East"
"453","4002","10/31/2017","15:53:14","45.609316","-73.562114","","91","14","92","0","North-East"
"454","4002","10/31/2017","15:54:15","45.611523","-73.559983","","91","16","92","0","North-East"
"455","4002","10/31/2017","15:55:13","45.612908","-73.558881","","91","0","92","0","North-East"
"456","4002","10/31/2017","15:56:13","45.613375","-73.558550","","92","20","92","0","North-East"
"457","4002","10/31/2017","15:57:15","45.620940","-73.551923","","92","38","93","0","North-East"
"458","4002","10/31/2017","15:58:14","45.622671","-73.550404","","92","1","93","0","North-East"
"459","4002","10/31/2017","15:59:14","45.624136","-73.549216","","92","5","93","0","North-East"
"460","4002","10/31/2017","16:00:14","45.626273","-73.547341","","92","20","93","0","North-East"
"461","4002","10/31/2017","16:01:14","45.628485","-73.545407","","92","11","93","0","North-East"
"462","4002","10/31/2017","16:02:14","45.631358","-73.542844","","92","11","94","0","North-East"
"463","4002","10/31/2017","16:03:13","45.633087","-73.541225","","92","0","94","0","North-East"
"464","4002","10/31/2017","16:04:13","45.636795","-73.537885","","92","9","94","0","North-East"
"465","4002","10/31/2017","16:05:13","45.638744","-73.536174","","92","14","94","0","North-East"
"466","4002","10/31/2017","16:06:13","45.641198","-73.534033","","91","13","94","0","North-East"
"467","4002","10/31/2017","16:07:14","45.641198","-73.534033","","92","13","94","0","North-East"
"468","4002","10/31/2017","16:08:13","45.648270","-73.527813","","91","41","95","0","North-East"
"469","4002","10/31/2017","16:09:13","45.652950","-73.523524","","91","21","95","0","North-East"
"470","4002","10/31/2017","16:10:13","45.658975","-73.518190","","91","31","96","0","North-East"
"471","4002","11/01/2017","07:10:44","45.660073","-73.511854","","92","0","96","0","South"
"479","4002","11/01/2017","08:52:44","45.660783","-73.511635","","87","1","96","0","South"
"480","4002","11/01/2017","08:53:11","45.661749","-73.514733","","86","1","97","0","South"
"481","4002","11/01/2017","08:54:12","45.663386","-73.513533","","86","10","97","0","North-West"
"482","4002","11/01/2017","08:55:11","45.658013","-73.520748","","87","40","97","0","South"
"483","4002","11/01/2017","08:56:10","45.649163","-73.527522","","87","49","98","0","South"
"484","4002","11/01/2017","08:57:10","45.636718","-73.538496","","87","63","99","0","South"
"485","4002","11/01/2017","08:58:10","45.624308","-73.549488","","87","52","100","0","South"
"486","4002","11/01/2017","08:59:09","45.616019","-73.557020","","87","30","101","0","South"
"487","4002","11/01/2017","09:00:10","45.610399","-73.561853","","86","42","101","0","South"
"488","4002","11/01/2017","09:01:10","45.603114","-73.568785","","87","41","102","0","South"
"489","4002","11/01/2017","09:02:09","45.595642","-73.575545","","87","29","102","0","South-West"
"490","4002","11/01/2017","09:03:09","45.589229","-73.583047","","87","34","103","0","South"
"491","4002","11/01/2017","09:04:08","45.582512","-73.589142","","87","26","103","0","South"
"492","4002","11/01/2017","09:05:09","45.575627","-73.595339","","87","33","104","0","South-West"
"493","4002","11/01/2017","09:06:09","45.572676","-73.598019","","86","13","104","0","South"
"494","4002","11/01/2017","09:10:11","45.565038","-73.604853","","86","0","104","0","South"
"498","4002","11/01/2017","09:11:10","45.564520","-73.605390","","86","2","105","0","South"
"499","4002","11/01/2017","09:17:53","45.563405","-73.606431","","87","0","105","0","South"
"506","4002","11/01/2017","09:18:48","45.561245","-73.608232","","86","28","105","0","South"
"507","4002","11/01/2017","09:19:49","45.558670","-73.612266","","86","1","105","0","South"
"508","4002","11/01/2017","09:20:53","45.558307","-73.612015","","87","16","105","0","East"
"509","4002","11/01/2017","15:19:14","45.556121","-73.609694","","87","0","106","0","East"
"512","4002","11/01/2017","18:08:19","45.551953","-73.613757","","84","15","106","0","South-West"
"513","4002","11/01/2017","18:09:04","45.551345","-73.614621","","84","12","106","0","West"
"514","4002","11/01/2017","18:10:58","45.551334","-73.616797","","84","8","106","0","South-West"
"515","4002","11/01/2017","18:26:00","45.551334","-73.616797","","85","8","106","0","South-West"
"516","4002","11/01/2017","18:27:05","45.553356","-73.618939","","84","12","106","0","North-East"
"517","4002","11/01/2017","18:27:49","45.553214","-73.615505","","84","5","106","0","South-East"
"518","4002","11/01/2017","18:28:49","45.554221","-73.611170","","84","12","107","0","North-East"
"519","4002","11/01/2017","18:29:49","45.556410","-73.609275","","84","0","107","0","North-East"
"520","4002","11/01/2017","18:30:47","45.554417","-73.604276","","84","18","107","0","South-East"
"521","4002","11/01/2017","18:31:49","45.553748","-73.602262","","85","4","107","0","South-East"
"522","4002","11/01/2017","18:32:48","45.552047","-73.598372","","84","27","107","0","South-East"
"523","4002","11/01/2017","18:33:49","45.549149","-73.591697","","83","23","108","0","South-East"
"524","4002","11/01/2017","18:34:47","45.545430","-73.584364","","84","31","108","0","South-East"
"525","4002","11/01/2017","18:35:47","45.544224","-73.580841","","84","17","108","0","South-East"
"526","4002","11/01/2017","18:36:55","45.542248","-73.576457","","84","29","109","0","South-East"
"527","4002","11/01/2017","18:38:51","45.539732","-73.570090","","84","0","109","0","South-East"
"529","4002","11/01/2017","20:33:53","45.541170","-73.574277","","82","24","109","0","West"
"530","4002","11/01/2017","20:35:17","45.543271","-73.578677","","84","25","109","0","North-West"
"531","4002","11/01/2017","20:36:12","45.545622","-73.584321","","83","7","110","0","North-West"
"532","4002","11/01/2017","20:37:17","45.546326","-73.586207","","83","2","110","0","North-West"
"533","4002","11/01/2017","20:38:13","45.547956","-73.589875","","83","27","110","0","North-West"
"534","4002","11/01/2017","20:39:12","45.551063","-73.596172","","83","33","111","0","North-West"
"535","4002","11/01/2017","20:40:12","45.553487","-73.602474","","83","29","111","0","North-West"
"536","4002","11/01/2017","20:41:13","45.556608","-73.608438","","82","11","111","0","North-West"
"537","4002","11/01/2017","20:42:30","45.556000","-73.608853","","83","14","111","0","South-West"
"538","4002","11/01/2017","20:43:17","45.554017","-73.609786","","82","24","111","0","East"
"539","4002","11/01/2017","20:45:20","45.551816","-73.616395","","82","0","111","0","East"
"541","4002","11/01/2017","20:46:20","45.551994","-73.615895","","83","1","112","0","East"
"542","4002","11/02/2017","09:11:18","45.551833","-73.616203","","83","0","112","0","East"
"553","4002","11/02/2017","09:12:14","45.552098","-73.620227","","80","17","112","0","North-West"
"554","4002","11/02/2017","09:13:15","45.553866","-73.624471","","80","22","112","0","South-West"
"555","4002","11/02/2017","09:14:14","45.551363","-73.628916","","80","0","113","0","South-West"
"556","4002","11/02/2017","09:15:15","45.549980","-73.633899","","80","17","113","0","West"
"557","4002","11/02/2017","09:16:14","45.547572","-73.637418","","81","21","113","0","South-West"
"558","4002","11/02/2017","09:17:14","45.546151","-73.638837","","81","0","113","0","South-West"
"559","4002","11/02/2017","09:18:15","45.542770","-73.641292","","81","20","113","0","South"
"560","4002","11/02/2017","09:19:13","45.536959","-73.644900","","81","26","114","0","South"
"561","4002","11/02/2017","09:20:13","45.531557","-73.650465","","80","23","114","0","West"
"562","4002","11/02/2017","09:21:13","45.534919","-73.652738","","81","7","115","0","North-West"
"563","4002","11/02/2017","09:57:13","45.533639","-73.652873","","81","0","115","0","North-West"
"567","4002","11/02/2017","09:58:13","45.532432","-73.653687","","80","8","115","0","South"
"568","4002","11/02/2017","09:59:12","45.531429","-73.650749","","81","0","115","0","South"
"569","4002","11/02/2017","10:00:13","45.531316","-73.647995","","81","7","115","0","South"
"570","4002","11/02/2017","10:01:16","45.535608","-73.645683","","81","9","115","0","North"
"571","4002","11/02/2017","10:02:12","45.540220","-73.641934","","81","10","116","0","South-East"
"572","4002","11/02/2017","10:03:13","45.543734","-73.639883","","80","6","116","0","North"
"573","4002","11/02/2017","10:04:12","45.544944","-73.638927","","81","0","116","0","North"
"574","4002","11/02/2017","10:05:11","45.548117","-73.635697","","80","12","116","0","South-East"
"575","4002","11/02/2017","10:07:56","45.553972","-73.622600","","80","0","117","0","North-West"
"578","4002","11/02/2017","10:08:56","45.555147","-73.622866","","80","27","117","0","West"
"579","4002","11/02/2017","10:09:56","45.556565","-73.626068","","80","10","117","0","North-West"
"580","4002","11/02/2017","10:10:56","45.555563","-73.622591","","80","7","118","0","South"
"581","4002","11/02/2017","10:46:26","45.555444","-73.621513","","80","0","118","0","South"
"586","4002","11/02/2017","10:47:27","45.555766","-73.619942","","80","1","118","0","North-West"
"587","4002","11/02/2017","10:48:26","45.555216","-73.620710","","80","7","118","0","West"
"588","4002","11/02/2017","10:49:29","45.552545","-73.617554","","80","2","118","0","West"
"589","4002","11/02/2017","10:50:27","45.552050","-73.616177","","80","0","118","0","West"
"590","4002","11/02/2017","10:52:13","45.552200","-73.615809","","80","3","118","0","North-East"
"591","4002","11/02/2017","10:58:55","45.552261","-73.616382","","80","4","118","0","North-East"
"592","4002","11/02/2017","16:27:39","45.555862","-73.609726","","79","0","118","0","North-East"
"597","4002","11/02/2017","16:28:39","45.554456","-73.605616","","78","4","119","0","North-East"
"598","4002","11/02/2017","16:29:39","45.552311","-73.601694","","77","39","119","0","South-East"
"599","4002","11/02/2017","16:30:40","45.549936","-73.595933","","79","38","119","0","South-East"
"600","4002","11/02/2017","16:33:55","45.545014","-73.599878","","79","0","119","0","South-East"
"603","4002","11/02/2017","16:34:53","45.544297","-73.602641","","78","2","120","0","East"
"604","4002","11/02/2017","16:35:54","45.545050","-73.604245","","78","2","120","0","South-West"
"605","4002","11/02/2017","16:36:53","45.542726","-73.606822","","78","3","120","0","South-East"
"606","4002","11/02/2017","16:38:29","45.541298","-73.608100","","78","1","120","0","South-East"
"607","4002","11/02/2017","16:41:14","45.540293","-73.608895","","78","0","120","0","South-East"
"610","4002","11/02/2017","16:42:13","45.540272","-73.609450","","78","1","120","0","South-East"
"611","4002","11/02/2017","16:43:14","45.540272","-73.609450","","78","1","120","0","South-East"
"612","4002","11/02/2017","16:44:13","45.540272","-73.609450","","78","1","120","0","South-East"
"613","4002","11/02/2017","19:04:40","45.540653","-73.610230","","78","0","120","0","South-East"
"623","4002","11/02/2017","19:05:41","45.541503","-73.612019","","77","1","120","0","East"
"624","4002","11/02/2017","19:06:41","45.543969","-73.610435","","77","17","121","0","North-East"
"625","4002","11/02/2017","19:07:40","45.546431","-73.614342","","76","10","121","0","North-West"
"626","4002","11/02/2017","19:08:40","45.549095","-73.616210","","78","5","121","0","East"
"627","4002","11/02/2017","19:09:58","45.551213","-73.614834","","78","0","121","0","East"
"628","4002","11/02/2017","19:13:13","45.551221","-73.615154","","78","1","121","0","East"
"629","4002","11/02/2017","19:14:10","45.551221","-73.615154","","77","1","121","0","East"
"630","4002","11/02/2017","19:15:09","45.552805","-73.618059","","77","13","122","0","North-West"
"631","4002","11/02/2017","19:16:10","45.554989","-73.619796","","76","1","122","0","South-East"
"632","4002","11/02/2017","19:17:10","45.557779","-73.613222","","76","19","122","0","North-East"
"633","4002","11/02/2017","19:19:09","45.561992","-73.606902","","77","0","122","0","North-East"
"635","4002","11/02/2017","19:20:10","45.566037","-73.603523","","77","37","123","0","North-East"
"636","4002","11/02/2017","19:21:08","45.574624","-73.595745","","77","47","124","0","North-East"
"637","4002","11/02/2017","19:22:09","45.586003","-73.585634","","77","50","124","0","North-East"
"638","4002","11/02/2017","19:23:10","45.595533","-73.575172","","77","51","125","0","North-East"
"639","4002","11/02/2017","19:24:10","45.605244","-73.565139","","78","51","126","0","North-East"
"640","4002","11/02/2017","19:25:10","45.616968","-73.555747","","77","60","127","0","North-East"
"641","4002","11/02/2017","19:26:09","45.629181","-73.545042","","77","61","128","0","North-East"
"642","4002","11/02/2017","19:27:08","45.641055","-73.534485","","77","58","129","0","North-East"
"643","4002","11/02/2017","19:28:09","45.652560","-73.523927","","77","47","130","0","North-East"
"644","4002","11/02/2017","19:29:10","45.660468","-73.516717","","77","0","131","0","North-East"
"645","4002","11/02/2017","19:30:11","45.660719","-73.516218","","77","22","131","0","North-East"
"646","4002","11/03/2017","10:43:16","45.660411","-73.512742","","77","0","131","0","North-East"
"656","4002","11/03/2017","10:44:13","45.661912","-73.514773","","73","17","131","0","North-East"
"657","4002","11/03/2017","10:45:13","45.662451","-73.515961","","73","41","131","0","South-West"
"658","4002","11/03/2017","10:46:13","45.654413","-73.523098","","73","43","132","0","South"
"659","4002","11/03/2017","10:47:13","45.645018","-73.531208","","73","46","133","0","South"
"660","4002","11/03/2017","10:48:14","45.634997","-73.540113","","72","52","133","0","South"
"661","4002","11/03/2017","10:49:15","45.623735","-73.550060","","73","52","134","0","South"
"662","4002","11/03/2017","10:50:17","45.614240","-73.559072","","73","21","135","0","South-West"
"663","4002","11/03/2017","10:51:14","45.607862","-73.572106","","72","48","136","0","North-West"
"664","4002","11/03/2017","10:52:14","45.612785","-73.585665","","73","21","137","0","West"
"665","4002","11/03/2017","10:53:14","45.616714","-73.596892","","73","46","137","0","North-West"
"666","4002","11/03/2017","10:56:14","45.629545","-73.610954","","73","0","138","0","South-East"
"669","4002","11/03/2017","10:57:13","45.627683","-73.614740","","72","1","138","0","South-West"
"670","4002","11/03/2017","10:58:13","45.625099","-73.619076","","72","0","139","0","South-West"
"671","4002","11/03/2017","11:00:01","45.625782","-73.623670","","73","1","139","0","North-East"
"672","4002","11/03/2017","11:01:09","45.626121","-73.623920","","73","3","139","0","North-West"
"673","4002","11/03/2017","11:03:09","45.625194","-73.622712","","72","2","139","0","South"
"674","4002","11/03/2017","11:14:09","45.625630","-73.622377","","73","1","139","0","North-East"
"675","4002","11/03/2017","11:15:04","45.625814","-73.621865","","72","2","139","0","North-East"
"676","4002","11/03/2017","11:16:04","45.625558","-73.623636","","71","2","139","0","South-West"
"677","4002","11/03/2017","11:17:04","45.628371","-73.620578","","72","22","139","0","North-East"
"678","4002","11/03/2017","11:18:03","45.632088","-73.614698","","73","26","140","0","North-East"
"679","4002","11/03/2017","11:19:04","45.630177","-73.611328","","73","18","140","0","South-West"
"680","4002","11/03/2017","11:20:04","45.629593","-73.611910","","73","0","140","0","South-West"
"681","4002","11/03/2017","11:21:03","45.624780","-73.606848","","73","26","140","0","South-East"
"682","4002","11/03/2017","11:22:03","45.619889","-73.601783","","73","30","141","0","South-East"
"683","4002","11/03/2017","11:23:03","45.616298","-73.597254","","72","0","141","0","South-East"
"684","4002","11/03/2017","11:24:05","45.613440","-73.589444","","73","17","142","0","South-East"
"685","4002","11/03/2017","11:25:03","45.611383","-73.582675","","73","40","142","0","South-East"
"686","4002","11/03/2017","11:26:03","45.605147","-73.567770","","72","44","143","0","South-East"
"687","4002","11/03/2017","11:27:03","45.610779","-73.561230","","72","40","143","0","North-East"
"688","4002","11/03/2017","11:28:03","45.622191","-73.551208","","71","63","144","0","North-East"
"689","4002","11/03/2017","11:29:05","45.635658","-73.539190","","71","65","145","0","North-East"
"690","4002","11/03/2017","11:30:04","45.647109","-73.528962","","71","53","146","0","North-East"
"691","4002","11/03/2017","11:31:04","45.656379","-73.520473","","71","40","147","0","North-East"
"692","4002","11/03/2017","11:32:04","45.661361","-73.514388","","72","8","147","0","South"
"693","4002","11/03/2017","13:17:14","45.660245","-73.512755","","72","0","148","0","South"
"695","4002","11/03/2017","16:01:55","45.659247","-73.509736","","70","11","148","0","South"
"696","4002","11/03/2017","16:03:02","45.658739","-73.509210","","70","6","148","0","North"
"697","4002","11/03/2017","16:04:04","45.654851","-73.510587","","70","2","148","0","West"
"698","4002","11/03/2017","16:05:52","45.654621","-73.512118","","71","1","148","0","West"
"699","4002","11/03/2017","16:19:47","45.654694","-73.511673","","71","1","148","0","South"
"700","4002","11/03/2017","16:20:44","45.654724","-73.510223","","71","5","148","0","South-East"
"701","4002","11/03/2017","16:21:42","45.655909","-73.509588","","70","27","148","0","North"
"702","4002","11/03/2017","19:24:31","45.659906","-73.511901","","70","0","148","0","North"
"710","4002","11/03/2017","21:52:28","45.661014","-73.511537","","67","4","149","0","North"
"711","4002","11/03/2017","21:54:06","45.662989","-73.513401","","67","0","149","0","North"
"713","4002","11/03/2017","21:55:35","45.651184","-73.525934","","66","56","150","0","South"
"714","4002","11/03/2017","21:56:05","45.644968","-73.531359","","66","64","150","0","South"
"715","4002","11/03/2017","21:57:05","45.632020","-73.542866","","66","65","151","0","South"
"716","4002","11/03/2017","21:58:05","45.618468","-73.554801","","66","63","152","0","South"
"717","4002","11/03/2017","21:59:06","45.605749","-73.567129","","66","60","154","0","South-West"
"718","4002","11/03/2017","22:00:07","45.594024","-73.577850","","66","55","154","0","South-West"
"719","4002","11/03/2017","22:01:06","45.582651","-73.588916","","66","59","155","0","South"
"720","4002","11/03/2017","22:02:06","45.572142","-73.598288","","66","42","156","0","South"
"721","4002","11/03/2017","22:03:06","45.565029","-73.604206","","66","18","157","0","South-East"
"722","4002","11/03/2017","22:04:06","45.560495","-73.609181","","65","35","157","0","South-West"
"723","4002","11/03/2017","22:05:05","45.557930","-73.611557","","65","14","157","0","South-East"
"724","4002","11/03/2017","22:06:06","45.554593","-73.610819","","68","15","158","0","South"
"725","4002","11/03/2017","22:07:06","45.552763","-73.612506","","68","9","158","0","South"
"726","4002","11/03/2017","22:20:19","45.551364","-73.616605","","66","0","158","0","South-West"
"729","4002","11/03/2017","22:21:15","45.548434","-73.619490","","68","6","158","0","South"
"730","4002","11/03/2017","22:22:15","45.547091","-73.618573","","68","15","158","0","South"
"731","4002","11/03/2017","22:23:14","45.545379","-73.620062","","68","0","159","0","South"
"732","4002","11/03/2017","22:24:14","45.542980","-73.616915","","68","12","159","0","East"
"733","4002","11/03/2017","22:25:14","45.541464","-73.612756","","68","0","159","0","East"
"734","4002","11/03/2017","22:26:15","45.541423","-73.609426","","68","28","159","0","South-East"
"735","4002","11/03/2017","22:27:14","45.539499","-73.605270","","68","7","159","0","South-East"
"736","4002","11/03/2017","22:32:33","45.534972","-73.594636","","66","0","160","0","South-East"
"741","4002","11/03/2017","22:32:33","45.534972","-73.594636","","64","0","160","0","South-East"
"742","4002","11/04/2017","01:07:12","45.539122","-73.604214","","64","5","161","0","North-West"
"743","4002","11/04/2017","01:08:18","45.540695","-73.608027","","64","0","161","0","North-West"
"744","4002","11/04/2017","01:09:19","45.543868","-73.615891","","64","34","161","0","North-West"
"745","4002","11/04/2017","01:10:23","45.546645","-73.619069","","64","0","161","0","North-West"
"746","4002","11/04/2017","01:11:23","45.550224","-73.618088","","64","12","162","0","North-East"
"747","4002","11/04/2017","01:12:19","45.550721","-73.617686","","65","2","162","0","North"
"748","4002","11/04/2017","09:05:03","45.550826","-73.617687","","66","0","162","0","North"
"754","4002","11/04/2017","09:05:50","45.551984","-73.619746","","62","10","162","0","East"
"755","4002","11/04/2017","09:06:51","45.553009","-73.619107","","63","7","162","0","North-East"
"756","4002","11/04/2017","09:07:51","45.552416","-73.613596","","62","6","162","0","South-East"
"757","4002","11/04/2017","09:08:51","45.551211","-73.610321","","64","6","162","0","North"
"758","4002","11/04/2017","09:09:50","45.548968","-73.606285","","64","0","162","0","North"
"759","4002","11/04/2017","09:10:51","45.552333","-73.603392","","64","40","163","0","North"
"760","4002","11/04/2017","09:11:54","45.554520","-73.601234","","62","0","163","0","North"
"761","4002","11/04/2017","09:12:51","45.556350","-73.599476","","62","3","163","0","North"
"762","4002","11/04/2017","09:13:50","45.558717","-73.598438","","62","5","163","0","North-East"
"763","4002","11/04/2017","09:14:49","45.557982","-73.595519","","62","8","163","0","North-East"
"764","4002","11/04/2017","09:15:50","45.555310","-73.586272","","64","11","164","0","North-East"
"765","4002","11/04/2017","09:16:49","45.554085","-73.582823","","64","9","164","0","North"
"766","4002","11/04/2017","09:17:49","45.552141","-73.576591","","62","8","164","0","North"
"767","4002","11/04/2017","09:18:49","45.548867","-73.574693","","62","1","165","0","North"
"768","4002","11/04/2017","09:19:49","45.548457","-73.576366","","62","3","165","0","North"
"769","4002","11/04/2017","14:58:09","45.548639","-73.577115","","62","0","165","0","North"
"774","4002","11/04/2017","14:59:09","45.550283","-73.577239","","61","6","165","0","North-East"
"775","4002","11/04/2017","15:00:13","45.551393","-73.574637","","61","28","165","0","East"
"776","4002","11/04/2017","15:01:11","45.549597","-73.568808","","62","0","165","0","East"
"777","4002","11/04/2017","15:02:11","45.550788","-73.567394","","62","1","165","0","North-East"
"778","4002","11/04/2017","15:03:12","45.550788","-73.567394","","62","1","165","0","North-East"
"779","4002","11/04/2017","15:20:20","45.550977","-73.567209","","61","0","165","0","North-East"
"782","4002","11/04/2017","15:21:21","45.553918","-73.564893","","60","2","166","0","North"
"783","4002","11/04/2017","15:22:20","45.556211","-73.563378","","61","20","166","0","North"
"784","4002","11/04/2017","15:26:18","45.554840","-73.554950","","62","0","166","0","North"
"788","4002","11/04/2017","15:27:19","45.559361","-73.554291","","62","39","167","0","North"
"789","4002","11/04/2017","15:28:19","45.566483","-73.553568","","62","31","167","0","North-East"
"790","4002","11/04/2017","15:29:20","45.573065","-73.549153","","62","15","168","0","North-East"
"791","4002","11/04/2017","15:30:20","45.573100","-73.547302","","62","26","168","0","East"
"792","4002","11/04/2017","15:31:19","45.571765","-73.542935","","62","21","168","0","East"
"793","4002","11/04/2017","15:32:19","45.571342","-73.539507","","62","2","168","0","South"
"794","4002","11/04/2017","15:33:58","45.571739","-73.539301","","61","3","168","0","South"
"795","4002","11/04/2017","15:34:40","45.571739","-73.539301","","60","3","168","0","South"
"796","4002","11/04/2017","18:50:51","45.571739","-73.539301","","62","0","168","0","South"
"799","4002","11/04/2017","18:51:50","45.572539","-73.540463","","61","15","168","0","North"
"800","4002","11/04/2017","18:52:49","45.574757","-73.540334","","61","31","168","0","North-West"
"801","4002","11/04/2017","18:53:49","45.576698","-73.546010","","61","0","168","0","North-West"
"802","4002","11/04/2017","18:54:48","45.576000","-73.547267","","61","16","169","0","South"
"803","4002","11/04/2017","18:55:48","45.573283","-73.548443","","61","11","169","0","East"
"804","4002","11/04/2017","18:56:49","45.571474","-73.543047","","61","20","169","0","South-East"
"805","4002","11/04/2017","18:57:49","45.571757","-73.539458","","62","1","169","0","North-West"
"806","4002","11/04/2017","18:58:48","45.571757","-73.539458","","52","1","169","0","North-West"
"807","4002","11/04/2017","23:01:57","45.571757","-73.539458","","59","0","169","0","North-West"
"809","4002","11/04/2017","23:02:41","45.570096","-73.538782","","59","20","169","0","South-East"
"810","4002","11/04/2017","23:03:45","45.568559","-73.534635","","58","0","169","0","South-East"
"811","4002","11/04/2017","23:04:43","45.572230","-73.531984","","58","53","170","0","North"
"812","4002","11/04/2017","23:05:42","45.584990","-73.526236","","57","59","171","0","North"
"813","4002","11/04/2017","23:06:43","45.592792","-73.534744","","58","54","171","0","West"
"814","4002","11/04/2017","23:07:43","45.599214","-73.553590","","60","62","172","0","North-West"
"815","4002","11/04/2017","23:08:40","45.601639","-73.569277","","60","57","173","0","South"
"816","4002","11/04/2017","23:09:41","45.590632","-73.581659","","59","61","174","0","South"
"817","4002","11/04/2017","23:10:42","45.579262","-73.591928","","60","43","175","0","South"
"818","4002","11/04/2017","23:11:42","45.571400","-73.598970","","58","35","176","0","South"
"819","4002","11/04/2017","23:12:43","45.563834","-73.605826","","58","34","176","0","South"
"820","4002","11/04/2017","23:13:42","45.558600","-73.612419","","60","17","177","0","South-West"
"821","4002","11/04/2017","23:17:59","45.552242","-73.615977","","60","0","177","0","South-West"
"824","4002","11/04/2017","23:18:13","45.551985","-73.616244","","59","14","177","0","South"
"825","4002","11/05/2017","08:58:37","45.550895","-73.617413","","59","0","177","0","South"
"831","4002","11/05/2017","08:59:32","45.552989","-73.619123","","57","2","178","0","North-East"
"832","4002","11/05/2017","09:00:34","45.554233","-73.617902","","57","12","178","0","South-East"
"833","4002","11/05/2017","09:01:35","45.552896","-73.612545","","57","24","178","0","North-East"
"834","4002","11/05/2017","09:03:11","45.555859","-73.609667","","58","2","178","0","North-East"
"835","4002","11/05/2017","15:00:14","45.555859","-73.609667","","58","0","178","0","North-East"
"838","4002","11/05/2017","17:10:45","45.556497","-73.609180","","55","7","178","0","North-East"
"839","4002","11/05/2017","17:12:11","45.557964","-73.611893","","55","0","178","0","North-East"
"841","4002","11/05/2017","17:13:10","45.559701","-73.609270","","55","23","179","0","North-East"
"842","4002","11/05/2017","17:14:10","45.564881","-73.604364","","55","34","179","0","North-East"
"843","4002","11/05/2017","17:15:11","45.573513","-73.596667","","56","43","180","0","North-East"
"844","4002","11/05/2017","17:16:11","45.583774","-73.587486","","54","46","181","0","North-East"
"845","4002","11/05/2017","17:17:12","45.593529","-73.577965","","54","51","181","0","North-East"
"846","4002","11/05/2017","17:18:11","45.602659","-73.567842","","56","57","182","0","North-East"
"847","4002","11/05/2017","17:19:11","45.614304","-73.557989","","54","52","183","0","North-East"
"848","4002","11/05/2017","17:20:13","45.627669","-73.546283","","54","69","184","0","North-East"
"849","4002","11/05/2017","17:21:15","45.641758","-73.533724","","55","65","185","0","North-East"
"850","4002","11/05/2017","17:22:11","45.652399","-73.523905","","56","44","186","0","North-East"
"851","4002","11/05/2017","17:23:10","45.660291","-73.516886","","56","2","187","0","North-East"
"852","4002","11/05/2017","17:24:13","45.660801","-73.514264","","52","12","187","0","West"
"853","4002","11/05/2017","17:25:10","45.659351","-73.513072","","56","6","187","0","North"
"854","4002","11/05/2017","17:26:11","45.658652","-73.509480","","56","2","187","0","North"
"855","4002","11/05/2017","17:28:08","45.659812","-73.511935","","57","4","187","0","North"
"856","4002","11/06/2017","09:17:17","45.659812","-73.511935","","54","0","187","0","North"
"862","4002","11/06/2017","09:18:14","45.661995","-73.514704","","53","21","188","0","North-East"
"863","4002","11/06/2017","09:19:14","45.658389","-73.520790","","53","48","188","0","South"
"864","4002","11/06/2017","09:20:16","45.646889","-73.529609","","53","54","189","0","South"
"865","4002","11/06/2017","09:21:16","45.635350","-73.539890","","53","56","190","0","South"
"866","4002","11/06/2017","09:22:16","45.626155","-73.548225","","53","17","191","0","South"
"867","4002","11/06/2017","09:23:15","45.619143","-73.554170","","53","30","191","0","South"
"868","4002","11/06/2017","09:24:15","45.613231","-73.559364","","53","21","192","0","South"
"869","4002","11/06/2017","09:25:14","45.608467","-73.563672","","53","44","192","0","South-West"
"870","4002","11/06/2017","09:26:16","45.602917","-73.568672","","54","3","193","0","South"
"871","4002","11/06/2017","09:27:14","45.602038","-73.569183","","53","5","193","0","South"
"872","4002","11/06/2017","09:28:14","45.599518","-73.571354","","53","17","193","0","South"
"873","4002","11/06/2017","09:29:15","45.595294","-73.575803","","54","16","193","0","South-West"
"874","4002","11/06/2017","09:30:17","45.593544","-73.578516","","51","8","193","0","South-West"
"875","4002","11/06/2017","09:31:17","45.592312","-73.580257","","51","13","193","0","South-West"
"876","4002","11/06/2017","09:32:17","45.589586","-73.582853","","53","5","194","0","South"
"877","4002","11/06/2017","09:33:17","45.586296","-73.585716","","52","35","194","0","South"
"878","4002","11/06/2017","09:34:18","45.580287","-73.591073","","53","9","194","0","South"
"879","4002","11/06/2017","09:35:16","45.580106","-73.591439","","53","0","194","0","South"
"880","4002","11/06/2017","09:36:16","45.579141","-73.591964","","53","2","195","0","South"
"881","4002","11/06/2017","09:37:16","45.578908","-73.592607","","53","0","195","0","South"
"882","4002","11/06/2017","09:38:16","45.577989","-73.593146","","53","12","195","0","South"
"883","4002","11/06/2017","09:39:16","45.574993","-73.596189","","53","14","195","0","South"
"884","4002","11/06/2017","09:40:17","45.569860","-73.600511","","53","25","195","0","South"
"885","4002","11/06/2017","09:41:19","45.564376","-73.605541","","53","30","196","0","South"
"886","4002","11/06/2017","09:42:18","45.563273","-73.606395","","54","3","196","0","South"
"887","4002","11/06/2017","09:43:21","45.559397","-73.610786","","53","26","196","0","South-West"
"888","4002","11/06/2017","09:44:25","45.557839","-73.611803","","53","4","196","0","South-West"
"889","4002","11/06/2017","09:45:18","45.557094","-73.611956","","52","1","196","0","South-West"
"890","4002","11/06/2017","09:46:18","45.554523","-73.614129","","52","0","197","0","South-West"
"891","4002","11/06/2017","09:47:18","45.553325","-73.615024","","51","3","197","0","South"
"892","4002","11/06/2017","09:54:16","45.550975","-73.616415","","52","0","197","0","South"
"894","4002","11/06/2017","09:55:15","45.551380","-73.615057","","52","8","197","0","North-West"
"895","4002","11/06/2017","09:56:15","45.549786","-73.610914","","54","22","197","0","North-West"
"896","4002","11/06/2017","09:57:15","45.546482","-73.608362","","52","2","197","0","South"
"897","4002","11/06/2017","09:58:13","45.542982","-73.611782","","53","0","198","0","South"
"898","4002","11/06/2017","09:59:13","45.541131","-73.612894","","53","14","198","0","South"
"899","4002","11/06/2017","10:00:12","45.539858","-73.613602","","53","27","198","0","South"
"900","4002","11/06/2017","10:01:13","45.537400","-73.615171","","52","1","198","0","South"
"901","4002","11/06/2017","10:02:13","45.536865","-73.617571","","52","3","198","0","North-West"
"902","4002","11/06/2017","14:19:09","45.537172","-73.617753","","52","0","198","0","North-West"
"907","4002","11/06/2017","14:19:55","45.537611","-73.619158","","51","13","198","0","North-West"
"908","4002","11/06/2017","14:20:56","45.538657","-73.620960","","53","10","198","0","North-East"
"909","4002","11/06/2017","14:21:56","45.539957","-73.620455","","53","0","199","0","North-East"
"910","4002","11/06/2017","14:22:56","45.540975","-73.622715","","52","5","199","0","North"
"911","4002","11/06/2017","14:23:55","45.543316","-73.621620","","53","12","199","0","North-East"
"912","4002","11/06/2017","14:24:55","45.543929","-73.621169","","53","14","199","0","North-East"
"913","4002","11/06/2017","14:25:56","45.545581","-73.619746","","53","0","199","0","North-East"
"914","4002","11/06/2017","14:26:54","45.547823","-73.619218","","53","8","199","0","North-West"
"915","4002","11/06/2017","14:27:55","45.550661","-73.617204","","53","10","199","0","North-East"
"916","4002","11/06/2017","14:28:55","45.550252","-73.615440","","53","3","199","0","South-West"
"917","4002","11/06/2017","14:59:37","45.550371","-73.616516","","53","0","200","0","South-West"
"919","4002","11/06/2017","15:00:33","45.549246","-73.618903","","50","17","200","0","North-West"
"920","4002","11/06/2017","15:01:31","45.546290","-73.619101","","51","10","200","0","South"
"921","4002","11/06/2017","15:02:31","45.544856","-73.620372","","49","16","200","0","South"
"922","4002","11/06/2017","15:04:29","45.541053","-73.622923","","51","0","200","0","South"
"924","4002","11/06/2017","15:05:36","45.538382","-73.624323","","53","7","201","0","South"
"925","4002","11/06/2017","15:06:31","45.535514","-73.622569","","51","1","201","0","South-East"
"926","4002","11/06/2017","15:07:35","45.534655","-73.622883","","51","10","201","0","South"
"927","4002","11/06/2017","15:08:32","45.532553","-73.624310","","51","1","201","0","South"
"928","4002","11/06/2017","15:10:23","45.532719","-73.624098","","52","0","201","0","North-East"
"929","4002","11/06/2017","15:22:26","45.531517","-73.622657","","51","23","201","0","South-East"
"930","4002","11/06/2017","15:23:13","45.532403","-73.620431","","51","5","201","0","East"
"931","4002","11/06/2017","15:24:12","45.533582","-73.618437","","52","16","201","0","East"
"932","4002","11/06/2017","15:25:35","45.537466","-73.614902","","51","18","202","0","North"
"933","4002","11/06/2017","15:26:26","45.538740","-73.615654","","51","0","202","0","North"
"934","4002","11/06/2017","15:26:40","45.538491","-73.614347","","51","19","202","0","North-East"
"935","4002","11/06/2017","15:27:37","45.539875","-73.613042","","51","6","202","0","North-East"
"936","4002","11/06/2017","15:28:40","45.541375","-73.612943","","51","11","202","0","North-West"
"937","4002","11/06/2017","15:29:59","45.542242","-73.612296","","52","2","202","0","South-East"
"938","4002","11/06/2017","15:30:20","45.542287","-73.611262","","51","28","202","0","East"
"939","4002","11/06/2017","15:31:19","45.545128","-73.609471","","51","1","202","0","West"
"940","4002","11/06/2017","15:32:18","45.549279","-73.605896","","52","26","203","0","North"
"941","4002","11/06/2017","19:30:13","45.552737","-73.603924","","52","0","203","0","North-West"
"947","4002","11/06/2017","19:31:14","45.554458","-73.604565","","51","2","203","0","North-West"
"948","4002","11/06/2017","19:32:16","45.552004","-73.598549","","51","0","203","0","North-West"
"949","4002","11/06/2017","19:33:16","45.550325","-73.594041","","53","11","204","0","East"
"950","4002","11/06/2017","19:34:14","45.547585","-73.588410","","53","0","204","0","East"
"951","4002","11/06/2017","19:35:14","45.546104","-73.585296","","53","1","204","0","East"
"952","4002","11/06/2017","19:37:15","45.542108","-73.576053","","50","25","205","0","South-East"
"953","4002","11/06/2017","19:38:49","45.540054","-73.570135","","50","0","205","0","South-East"
"954","4002","11/06/2017","21:43:23","45.542761","-73.577368","","49","17","206","0","North-West"
"955","4002","11/06/2017","21:43:52","45.542883","-73.577732","","49","0","206","0","North-West"
"956","4002","11/06/2017","21:44:53","45.544354","-73.581053","","49","24","206","0","North-West"
"957","4002","11/06/2017","21:45:52","45.547408","-73.587900","","49","1","206","0","North-West"
"958","4002","11/06/2017","21:46:55","45.549222","-73.592057","","50","24","206","0","North-West"
"959","4002","11/06/2017","21:47:52","45.551663","-73.597592","","50","0","207","0","North-West"
"960","4002","11/06/2017","21:49:14","45.549138","-73.601927","","51","23","207","0","South"
"961","4002","11/06/2017","21:50:02","45.549781","-73.603947","","45","0","207","0","South"
"962","4002","11/06/2017","21:51:01","45.548081","-73.605607","","50","1","207","0","South"
"963","4002","11/06/2017","21:51:56","45.549253","-73.607980","","50","1","207","0","South"
"964","4002","11/06/2017","21:52:56","45.550059","-73.610017","","51","4","207","0","South"
"965","4002","11/06/2017","21:53:56","45.550806","-73.610931","","51","30","208","0","South-East"
"966","4002","11/06/2017","21:54:58","45.549289","-73.608870","","50","21","208","0","South"
"967","4002","11/06/2017","21:56:25","45.550669","-73.611413","","50","1","208","0","North"
"968","4002","11/06/2017","22:53:35","45.550216","-73.612270","","50","25","208","0","North-West"
"969","4002","11/06/2017","22:54:42","45.551831","-73.615581","","49","0","208","0","North-West"
"970","4002","11/06/2017","22:55:47","45.551887","-73.619755","","49","2","208","0","West"
"971","4002","11/06/2017","22:56:53","45.555232","-73.619204","","49","31","208","0","East"
"972","4002","11/06/2017","22:57:55","45.556357","-73.615591","","50","33","209","0","North-East"
"973","4002","11/06/2017","22:58:58","45.559883","-73.609349","","49","31","209","0","North-East"
"974","4002","11/06/2017","23:00:08","45.567061","-73.601930","","49","15","210","0","North-East"
"975","4002","11/06/2017","23:00:44","45.573885","-73.596390","","49","54","210","0","North-East"
"976","4002","11/06/2017","23:01:46","45.586009","-73.585466","","50","59","211","0","North-East"
"977","4002","11/06/2017","23:02:45","45.596290","-73.573914","","50","50","212","0","North-East"
"978","4002","11/06/2017","23:03:44","45.606529","-73.564465","","49","54","213","0","North"
"979","4002","11/06/2017","23:04:46","45.619962","-73.553001","","50","62","214","0","North-East"
"980","4002","11/06/2017","23:05:45","45.632959","-73.541446","","50","65","215","0","North-East"
"981","4002","11/06/2017","23:06:45","45.646342","-73.529579","","48","60","216","0","North-East"
"982","4002","11/06/2017","23:07:45","45.657359","-73.519570","","48","45","217","0","North-East"
"983","4002","11/06/2017","23:08:46","45.660674","-73.516446","","50","14","217","0","North-East"
"984","4002","11/06/2017","23:09:42","45.659583","-73.511981","","50","5","218","0","South-East"
"985","4002","11/07/2017","05:07:22","45.659819","-73.512026","","50","0","218","0","South-East"